Time,"Charlotte - Tenth St, Pedestrians","Charlotte - Pecan Ave, Pedestrians","Charlotte - South Tryon Rd, Pedestrians","Charlotte - North Tryon Rd, Pedestrians","Charlotte - Stonewall St, Pedestrians","Charlotte - University City Blvd, Pedestrians","Charlotte - Selwyn Ave, Pedestrians","Charlotte - 4th St Extension, Pedestrians","Charlotte - Elizabeth Ave, Pedestrians","Charlotte - Blue Line Trail, Pedestrians"
27-10-2016 00:00:00,,,,,,,259,,,
28-10-2016 00:00:00,,,,,,,294,,,
29-10-2016 00:00:00,,,,,508,,465,145,,
30-10-2016 00:00:00,,,,,370,,364,140,,
31-10-2016 00:00:00,,,,,361,,322,117,,
01-11-2016 00:00:00,,,,,321,,294,88,,
02-11-2016 00:00:00,,,,,352,,334,136,,
03-11-2016 00:00:00,,,,,245,,262,89,,
04-11-2016 00:00:00,,,,1128,268,,270,127,,
05-11-2016 00:00:00,,561,,740,270,,426,615,411,
06-11-2016 00:00:00,,545,,800,200,,465,145,229,
07-11-2016 00:00:00,,493,,800,248,,223,127,722,
08-11-2016 00:00:00,,337,,814,225,,261,117,808,
09-11-2016 00:00:00,,358,,799,278,,285,88,756,
10-11-2016 00:00:00,,282,,850,323,,230,118,731,
11-11-2016 00:00:00,,439,,877,248,,273,115,450,
12-11-2016 00:00:00,,506,,931,352,,362,152,265,
13-11-2016 00:00:00,,208,,731,247,,153,106,138,
14-11-2016 00:00:00,,398,,847,218,,276,106,581,
15-11-2016 00:00:00,,378,,730,260,,239,58,732,
16-11-2016 00:00:00,,233,,701,206,,274,74,668,
17-11-2016 00:00:00,,280,,737,260,,196,88,689,
18-11-2016 00:00:00,,406,,852,234,,,112,427,
19-11-2016 00:00:00,,398,,585,236,,,,251,
20-11-2016 00:00:00,,393,,756,143,,,,143,
21-11-2016 00:00:00,,292,,655,149,,,58,569,
22-11-2016 00:00:00,,241,,683,151,,,63,617,
23-11-2016 00:00:00,,333,,797,159,,,60,443,
24-11-2016 00:00:00,,206,,752,159,,,110,125,
25-11-2016 00:00:00,,312,,635,172,,,103,175,
26-11-2016 00:00:00,,320,,582,146,,,94,136,
27-11-2016 00:00:00,,266,,718,158,,,88,176,
28-11-2016 00:00:00,,226,,695,167,,,69,629,
29-11-2016 00:00:00,,211,,698,144,,,66,502,
30-11-2016 00:00:00,,218,,725,165,,,63,599,
01-12-2016 00:00:00,,262,,798,223,,,108,689,
02-12-2016 00:00:00,,272,,765,190,,,58,489,
03-12-2016 00:00:00,,350,,510,250,,,64,379,
04-12-2016 00:00:00,,113,,430,58,,111,34,72,
05-12-2016 00:00:00,,179,,727,138,,203,64,545,
06-12-2016 00:00:00,,124,,488,112,,60,35,340,
07-12-2016 00:00:00,,264,,726,291,,247,78,529,
08-12-2016 00:00:00,,242,,743,173,,210,62,542,
09-12-2016 00:00:00,,245,,653,134,,153,48,468,
10-12-2016 00:00:00,,348,,486,169,,251,94,206,
11-12-2016 00:00:00,,158,,563,180,,211,67,103,
12-12-2016 00:00:00,,256,,684,215,,176,57,329,
13-12-2016 00:00:00,,188,,745,189,,173,57,298,
14-12-2016 00:00:00,,240,,722,192,,193,71,377,
15-12-2016 00:00:00,,215,,632,163,,178,39,298,
16-12-2016 00:00:00,,157,,640,120,,99,29,207,
17-12-2016 00:00:00,,307,,627,119,,187,61,169,
18-12-2016 00:00:00,,298,,643,140,,234,82,142,
19-12-2016 00:00:00,,174,,577,100,,92,43,181,
20-12-2016 00:00:00,,210,,653,148,,217,66,136,
21-12-2016 00:00:00,,230,,677,147,,192,73,194,
22-12-2016 00:00:00,,279,,709,157,,262,54,204,
23-12-2016 00:00:00,,299,,743,130,,213,77,149,
24-12-2016 00:00:00,,237,,515,176,,273,62,108,
25-12-2016 00:00:00,,140,,611,44,,232,57,50,
26-12-2016 00:00:00,,317,,635,103,,261,66,207,
27-12-2016 00:00:00,,347,,804,156,,212,82,214,
28-12-2016 00:00:00,,330,,715,175,,259,100,274,
29-12-2016 00:00:00,,299,,733,222,,187,86,214,
30-12-2016 00:00:00,,348,,705,131,,167,55,203,
31-12-2016 00:00:00,,296,,548,144,,195,64,111,
01-01-2017 00:00:00,,195,,678,80,,117,38,86,
02-01-2017 00:00:00,,278,,489,140,,232,74,211,
03-01-2017 00:00:00,,247,,825,134,,154,68,369,
04-01-2017 00:00:00,,262,,860,220,,268,67,420,
05-01-2017 00:00:00,,222,,705,130,,184,53,344,
06-01-2017 00:00:00,,238,,710,124,,140,45,322,
07-01-2017 00:00:00,,824,,259,187,,192,,89,
08-01-2017 00:00:00,,278,,402,87,,191,,,
09-01-2017 00:00:00,,168,,728,70,,123,24,313,
10-01-2017 00:00:00,,183,,707,124,,161,,524,
11-01-2017 00:00:00,,257,,697,175,,210,64,429,
12-01-2017 00:00:00,,347,,687,,,236,118,1056,
13-01-2017 00:00:00,,475,,874,,,303,103,804,
14-01-2017 00:00:00,,487,,745,,,355,82,353,
15-01-2017 00:00:00,,473,,721,,,383,115,248,
16-01-2017 00:00:00,,333,,663,,,243,94,174,
17-01-2017 00:00:00,,296,,818,,,217,102,1001,
18-01-2017 00:00:00,,385,,749,,,325,109,986,
19-01-2017 00:00:00,,317,,718,,,231,105,876,
20-01-2017 00:00:00,,300,,765,,,174,80,502,
21-01-2017 00:00:00,,311,,586,,,263,67,241,
22-01-2017 00:00:00,,291,,618,,,326,106,104,
23-01-2017 00:00:00,,271,,604,,,205,104,731,
24-01-2017 00:00:00,,354,,830,,,273,120,895,
25-01-2017 00:00:00,,369,,738,,,314,100,810,
26-01-2017 00:00:00,,302,,843,,,250,114,757,
27-01-2017 00:00:00,,295,,698,,,187,79,463,
28-01-2017 00:00:00,,463,,574,,,343,104,242,
29-01-2017 00:00:00,,340,,690,,,325,58,147,
30-01-2017 00:00:00,,229,,650,,,158,71,585,
31-01-2017 00:00:00,,292,,753,,,279,104,736,
01-02-2017 00:00:00,,376,,752,,,395,95,802,
02-02-2017 00:00:00,,302,,733,,496,246,86,680,
03-02-2017 00:00:00,11,247,,638,,368,163,60,390,
04-02-2017 00:00:00,14,380,,586,,218,297,87,150,
05-02-2017 00:00:00,8,361,,574,,251,305,153,156,
06-02-2017 00:00:00,12,333,,684,,513,237,102,1258,
07-02-2017 00:00:00,19,374,,780,,393,324,138,959,
08-02-2017 00:00:00,14,396,,742,,470,245,87,786,
09-02-2017 00:00:00,10,254,,668,,454,181,86,772,
10-02-2017 00:00:00,9,274,,672,,373,186,60,443,
11-02-2017 00:00:00,19,648,,655,,248,535,227,420,
12-02-2017 00:00:00,14,629,,641,,235,516,236,332,
13-02-2017 00:00:00,12,285,,721,,544,248,116,574,
14-02-2017 00:00:00,17,306,,848,,437,261,74,761,
15-02-2017 00:00:00,11,216,,696,,459,184,93,626,
16-02-2017 00:00:00,17,268,,748,,486,191,93,749,
17-02-2017 00:00:00,13,427,,803,,445,291,99,730,
18-02-2017 00:00:00,15,471,,655,,196,377,142,250,
19-02-2017 00:00:00,13,644,,695,,225,475,208,352,
20-02-2017 00:00:00,18,457,,785,,465,349,172,818,
21-02-2017 00:00:00,15,340,,809,,475,262,131,975,
22-02-2017 00:00:00,12,277,,764,,443,236,127,916,
23-02-2017 00:00:00,14,425,,769,,460,302,123,832,
24-02-2017 00:00:00,34,545,,884,,349,272,126,511,
25-02-2017 00:00:00,26,684,,931,,206,451,162,341,
26-02-2017 00:00:00,26,352,,631,,236,400,120,331,
27-02-2017 00:00:00,8,280,,817,,462,233,,678,
28-02-2017 00:00:00,,378,,1223,,421,341,241,790,1464
01-03-2017 00:00:00,,375,,845,205,378,269,105,747,1144
02-03-2017 00:00:00,,353,3114,695,203,446,242,115,727,299
03-03-2017 00:00:00,,340,2732,658,264,327,224,104,453,281
04-03-2017 00:00:00,,513,1450,493,265,181,384,103,334,
05-03-2017 00:00:00,,406,740,591,184,195,401,164,425,
06-03-2017 00:00:00,,268,3080,743,273,273,198,80,,
07-03-2017 00:00:00,,334,3179,785,256,205,297,100,,
08-03-2017 00:00:00,,381,3450,742,332,283,277,227,,
09-03-2017 00:00:00,,471,3340,724,321,238,242,130,609,
10-03-2017 00:00:00,,365,2715,825,276,272,198,109,560,
11-03-2017 00:00:00,,455,1042,575,233,202,334,79,215,
12-03-2017 00:00:00,,374,499,567,235,137,222,80,121,
13-03-2017 00:00:00,,146,2367,789,177,365,245,,328,
14-03-2017 00:00:00,,244,2756,657,223,428,195,299,235,
15-03-2017 00:00:00,,163,2656,587,122,385,155,57,211,
16-03-2017 00:00:00,,322,2735,693,182,445,180,85,257,
17-03-2017 00:00:00,,385,2526,710,221,348,242,93,281,
18-03-2017 00:00:00,,485,1235,1172,279,199,278,90,223,
19-03-2017 00:00:00,,424,761,635,245,263,411,123,180,
20-03-2017 00:00:00,,399,3322,722,326,466,254,147,719,
21-03-2017 00:00:00,,431,3376,766,315,405,341,144,707,
22-03-2017 00:00:00,,349,3239,779,303,458,307,105,647,
23-03-2017 00:00:00,,321,3116,642,404,424,236,78,740,
24-03-2017 00:00:00,,407,2834,788,463,335,213,148,574,
25-03-2017 00:00:00,,607,1026,644,347,194,377,157,296,
26-03-2017 00:00:00,,367,869,602,203,205,382,118,149,
27-03-2017 00:00:00,,314,3302,760,375,422,283,139,683,
28-03-2017 00:00:00,,377,3546,742,300,430,322,153,699,
29-03-2017 00:00:00,,471,3449,709,359,430,386,155,724,
30-03-2017 00:00:00,,224,2936,739,505,421,161,78,612,
31-03-2017 00:00:00,,440,2699,775,732,338,242,121,596,
01-04-2017 00:00:00,,838,1145,626,870,270,525,195,295,
02-04-2017 00:00:00,,540,938,782,543,236,464,206,283,
03-04-2017 00:00:00,,194,2559,737,180,331,164,79,504,
04-04-2017 00:00:00,,462,3493,764,349,462,317,195,737,
05-04-2017 00:00:00,,162,2749,692,159,417,187,66,610,662
06-04-2017 00:00:00,,290,3213,688,195,401,213,150,750,1187
07-04-2017 00:00:00,,454,2701,710,249,346,253,103,490,1214
08-04-2017 00:00:00,,560,1048,532,355,254,385,183,364,2074
09-04-2017 00:00:00,,482,963,691,219,230,371,214,273,2018
10-04-2017 00:00:00,,429,3248,698,283,324,323,157,853,1807
11-04-2017 00:00:00,,432,3471,865,283,448,314,195,758,1955
12-04-2017 00:00:00,,410,3282,662,312,403,294,133,704,1885
13-04-2017 00:00:00,,430,3223,732,220,395,245,178,699,2043
14-04-2017 00:00:00,,504,2153,751,230,282,278,139,288,2143
15-04-2017 00:00:00,,592,985,746,246,215,366,172,300,2255
16-04-2017 00:00:00,,450,798,739,161,184,329,168,172,1562
17-04-2017 00:00:00,,347,3227,703,254,354,275,168,628,1260
18-04-2017 00:00:00,,312,3285,674,265,471,282,117,747,1323
19-04-2017 00:00:00,,269,2870,517,182,458,224,82,608,1076
20-04-2017 00:00:00,,446,3491,675,452,416,305,152,745,1815
21-04-2017 00:00:00,,484,3010,842,376,339,236,163,525,1816
22-04-2017 00:00:00,,625,1235,581,439,198,381,207,471,2071
23-04-2017 00:00:00,,146,293,403,66,120,124,36,47,326
24-04-2017 00:00:00,,88,2225,382,72,329,41,21,307,191
25-04-2017 00:00:00,,340,3212,731,254,441,275,130,646,1574
26-04-2017 00:00:00,,,3387,766,339,512,324,226,805,2032
27-04-2017 00:00:00,,,3198,646,203,427,265,176,667,1361
28-04-2017 00:00:00,,,2827,737,277,336,248,187,510,1862
29-04-2017 00:00:00,,,959,804,228,174,283,249,532,3787
30-04-2017 00:00:00,,,898,827,254,182,306,246,183,1780
01-05-2017 00:00:00,,,,692,258,352,158,118,513,809
02-05-2017 00:00:00,,,,755,377,466,379,227,739,2163
03-05-2017 00:00:00,,,,738,348,380,287,171,705,1845
04-05-2017 00:00:00,,,,624,223,455,269,88,737,979
05-05-2017 00:00:00,,,,670,212,327,207,160,539,1247
06-05-2017 00:00:00,,,,530,318,236,298,95,287,1196
07-05-2017 00:00:00,,,,699,257,253,414,239,556,2221
08-05-2017 00:00:00,,,,738,346,417,297,177,706,1806
09-05-2017 00:00:00,,,,650,436,419,266,174,717,1685
10-05-2017 00:00:00,,,,687,291,444,317,179,646,1768
11-05-2017 00:00:00,,,,743,279,287,234,109,597,1511
12-05-2017 00:00:00,,,,681,184,321,198,78,539,872
13-05-2017 00:00:00,,,,555,309,255,355,113,257,2038
14-05-2017 00:00:00,,,,662,232,261,435,182,259,1668
15-05-2017 00:00:00,,,,773,337,289,307,153,538,1613
16-05-2017 00:00:00,,,,706,294,230,269,195,404,1579
17-05-2017 00:00:00,,,,610,234,264,318,158,469,1697
18-05-2017 00:00:00,,,,702,236,277,218,167,506,1517
19-05-2017 00:00:00,,,,875,214,273,223,104,361,1500
20-05-2017 00:00:00,,,,594,233,213,310,265,274,1854
21-05-2017 00:00:00,,,,810,183,153,237,106,144,956
22-05-2017 00:00:00,,,,663,281,306,255,189,634,1318
23-05-2017 00:00:00,,,,576,158,253,132,84,401,818
24-05-2017 00:00:00,,,,759,186,269,152,85,530,737
25-05-2017 00:00:00,,,,847,269,345,220,126,640,1567
26-05-2017 00:00:00,,,,916,284,349,241,151,301,1878
27-05-2017 00:00:00,,,,776,267,167,273,172,,1352
28-05-2017 00:00:00,,,,753,182,178,227,118,,1258
29-05-2017 00:00:00,,,,852,144,161,230,134,177,1073
30-05-2017 00:00:00,,,,826,270,327,241,213,566,1573
31-05-2017 00:00:00,,,,743,212,293,268,120,570,1323
01-06-2017 00:00:00,,,,687,227,318,330,144,522,1797
02-06-2017 00:00:00,,,,676,238,296,256,177,255,2018
03-06-2017 00:00:00,,,,571,328,201,331,148,299,1561
04-06-2017 00:00:00,,,,582,193,193,299,115,123,1475
05-06-2017 00:00:00,,,,608,258,295,121,109,424,906
06-06-2017 00:00:00,,,,764,249,333,312,176,572,1738
07-06-2017 00:00:00,,,,738,340,353,324,170,582,1863
08-06-2017 00:00:00,,,,749,274,357,287,190,632,1808
09-06-2017 00:00:00,,,,800,224,310,225,174,360,2088
10-06-2017 00:00:00,,,,683,296,251,319,198,298,1751
11-06-2017 00:00:00,,,,690,220,211,344,139,152,1393
12-06-2017 00:00:00,,,,648,306,290,289,152,380,1514
13-06-2017 00:00:00,,,,623,191,268,255,173,417,945
14-06-2017 00:00:00,,,,644,323,277,310,150,498,1677
15-06-2017 00:00:00,,,,626,192,320,217,116,418,1034
16-06-2017 00:00:00,,,,652,237,242,255,139,237,1625
17-06-2017 00:00:00,,,,585,262,207,276,152,237,1683
18-06-2017 00:00:00,,,,790,187,120,273,131,166,1381
19-06-2017 00:00:00,,,,721,299,231,253,144,419,1496
20-06-2017 00:00:00,,,,796,284,292,215,155,393,1176
21-06-2017 00:00:00,,,,797,246,331,256,168,529,1680
22-06-2017 00:00:00,,,,629,245,252,203,90,379,1225
23-06-2017 00:00:00,,,,691,253,192,202,108,282,1741
24-06-2017 00:00:00,,,,628,305,188,283,153,209,1462
25-06-2017 00:00:00,,,,766,387,213,321,272,162,1655
26-06-2017 00:00:00,,,,841,414,379,295,195,460,1720
27-06-2017 00:00:00,,,,794,406,284,340,198,554,1912
28-06-2017 00:00:00,,,,718,383,280,338,202,593,1772
29-06-2017 00:00:00,,,,581,367,251,250,210,535,1480
30-06-2017 00:00:00,,,,846,339,172,171,127,203,1266
01-07-2017 00:00:00,,,,583,377,175,221,78,180,959
02-07-2017 00:00:00,,,,759,270,171,273,188,105,1218
03-07-2017 00:00:00,,,,726,185,131,205,146,133,899
04-07-2017 00:00:00,,,,621,227,249,275,272,205,1223
05-07-2017 00:00:00,,,,756,189,294,205,131,423,951
06-07-2017 00:00:00,,,,615,237,288,200,172,414,1462
07-07-2017 00:00:00,,,,682,203,169,194,113,195,2047
08-07-2017 00:00:00,,,,638,260,293,296,148,179,1359
09-07-2017 00:00:00,,,,700,213,193,314,170,225,1780
10-07-2017 00:00:00,,,,707,291,237,263,177,444,1552
11-07-2017 00:00:00,,,,795,267,207,238,166,529,1447
12-07-2017 00:00:00,,,,665,274,191,223,206,456,1268
13-07-2017 00:00:00,,,,527,266,196,172,109,447,938
14-07-2017 00:00:00,,,,636,172,137,170,111,175,1094
15-07-2017 00:00:00,,,,589,173,140,302,110,243,1335
16-07-2017 00:00:00,,,,780,231,154,262,226,173,1377
17-07-2017 00:00:00,,,,776,250,253,225,109,425,978
18-07-2017 00:00:00,,,,792,280,188,244,258,514,1274
19-07-2017 00:00:00,,,,709,242,179,250,140,426,1581
20-07-2017 00:00:00,,,,594,275,172,267,129,445,1172
21-07-2017 00:00:00,,,,647,200,134,168,72,217,1054
22-07-2017 00:00:00,,,,552,193,80,330,90,212,944
23-07-2017 00:00:00,,,,589,157,128,217,145,116,917
24-07-2017 00:00:00,,,,800,273,254,217,142,332,1329
25-07-2017 00:00:00,,,,693,271,171,242,125,349,1414
26-07-2017 00:00:00,,,,661,294,205,272,238,316,1357
27-07-2017 00:00:00,,,,708,250,159,210,169,382,1250
28-07-2017 00:00:00,,,,803,204,172,281,101,270,1146
29-07-2017 00:00:00,,,,568,307,144,430,176,290,1840
30-07-2017 00:00:00,,,,795,337,169,425,235,275,2055
31-07-2017 00:00:00,,,,705,348,200,296,116,390,1861
01-08-2017 00:00:00,,,,762,309,184,347,167,358,1739
02-08-2017 00:00:00,,,,810,256,159,279,207,375,1800
03-08-2017 00:00:00,,,,652,274,191,253,120,393,1670
04-08-2017 00:00:00,,,3996,713,247,164,227,159,349,1525
05-08-2017 00:00:00,,,1129,619,293,142,349,154,213,1910
06-08-2017 00:00:00,,,954,646,266,140,327,177,195,1821
07-08-2017 00:00:00,,,3016,664,223,204,202,118,334,1336
08-08-2017 00:00:00,,,2972,639,213,215,269,121,349,1557
09-08-2017 00:00:00,,,4501,686,308,235,274,180,555,1720
10-08-2017 00:00:00,,,3465,704,267,209,329,155,403,1709
11-08-2017 00:00:00,,,2692,681,199,164,247,116,377,1233
12-08-2017 00:00:00,,,1017,559,269,122,398,118,186,1483
13-08-2017 00:00:00,,,867,720,201,112,360,228,155,1456
14-08-2017 00:00:00,,,2962,739,208,139,203,142,452,1184
15-08-2017 00:00:00,,,3129,782,221,177,232,162,501,1257
16-08-2017 00:00:00,,,3223,766,301,134,304,180,865,1488
17-08-2017 00:00:00,,,3053,661,242,184,246,127,865,1074
18-08-2017 00:00:00,,,2662,641,242,179,225,97,664,1156
19-08-2017 00:00:00,,,1097,632,221,187,269,128,310,1526
20-08-2017 00:00:00,,,838,591,180,,277,146,166,1145
21-08-2017 00:00:00,,,2642,645,240,,220,120,727,1343
22-08-2017 00:00:00,,,3194,604,225,,215,149,890,1307
23-08-2017 00:00:00,,,3132,689,262,647,283,280,727,1565
24-08-2017 00:00:00,,,3090,609,232,453,285,176,775,1617
25-08-2017 00:00:00,,,2945,749,353,315,217,156,404,1806
26-08-2017 00:00:00,,,2543,571,404,218,404,150,783,1915
27-08-2017 00:00:00,,,1983,1065,262,226,371,199,261,
28-08-2017 00:00:00,,,3360,911,264,457,337,171,741,3315
29-08-2017 00:00:00,,,3399,899,233,615,419,166,753,1750
30-08-2017 00:00:00,,,3398,810,198,514,321,175,726,1868
31-08-2017 00:00:00,,,3525,614,148,499,163,96,611,774
01-09-2017 00:00:00,,,2277,710,161,432,236,128,401,1449
02-09-2017 00:00:00,,,3140,563,483,278,363,245,215,2010
03-09-2017 00:00:00,,,1166,714,216,255,334,252,169,2228
04-09-2017 00:00:00,,,907,632,191,278,352,234,158,1775
05-09-2017 00:00:00,,,3134,689,183,452,283,154,711,1325
06-09-2017 00:00:00,,,2860,601,118,566,279,107,510,1250
07-09-2017 00:00:00,,,3391,722,237,566,362,197,821,1984
08-09-2017 00:00:00,,,3065,718,428,496,289,134,619,2083
09-09-2017 00:00:00,,,1988,550,410,283,454,237,296,3830
10-09-2017 00:00:00,,,1026,688,340,246,459,179,191,2157
11-09-2017 00:00:00,,,2208,408,94,409,133,45,516,390
12-09-2017 00:00:00,,,2964,691,242,531,238,155,735,1761
13-09-2017 00:00:00,,,3429,801,269,551,382,192,785,1966
14-09-2017 00:00:00,,,3295,677,286,507,321,148,741,1697
15-09-2017 00:00:00,,,3043,768,282,446,293,186,641,1666
16-09-2017 00:00:00,,,1508,701,276,287,356,200,254,2741
17-09-2017 00:00:00,,,3125,660,302,231,317,229,173,1416
18-09-2017 00:00:00,,,3273,725,405,456,300,248,733,1491
19-09-2017 00:00:00,,,3394,835,316,490,294,201,780,1635
20-09-2017 00:00:00,,,3242,760,222,447,268,153,704,1241
21-09-2017 00:00:00,,,3206,860,203,476,283,164,762,1298
22-09-2017 00:00:00,,,2760,953,199,426,290,118,516,1419
23-09-2017 00:00:00,,,971,676,263,252,379,152,211,1535
24-09-2017 00:00:00,,,2310,709,267,178,275,185,165,1347
25-09-2017 00:00:00,,,3285,735,335,473,285,159,676,1462
26-09-2017 00:00:00,,,3581,799,221,476,297,154,697,1334
27-09-2017 00:00:00,,,3358,705,252,502,290,153,668,1080
28-09-2017 00:00:00,,,3192,622,225,478,254,120,858,1078
29-09-2017 00:00:00,,,2954,646,234,434,291,132,561,2381
30-09-2017 00:00:00,,,1185,585,277,316,420,161,291,2261
01-10-2017 00:00:00,,,965,739,223,276,434,151,199,3631
02-10-2017 00:00:00,,,3346,767,382,492,329,203,822,1785
03-10-2017 00:00:00,,,3584,733,343,539,348,160,931,2272
04-10-2017 00:00:00,,,3589,724,246,589,422,215,1014,2273
05-10-2017 00:00:00,,,3452,730,227,609,319,149,945,1498
06-10-2017 00:00:00,,,3036,790,226,476,277,126,633,1597
07-10-2017 00:00:00,,,1326,949,302,220,324,86,192,1226
08-10-2017 00:00:00,,,779,927,171,147,303,123,161,1216
09-10-2017 00:00:00,,,2926,738,195,212,266,155,788,1464
10-10-2017 00:00:00,,,3394,791,210,290,223,151,988,1511
11-10-2017 00:00:00,,,3358,719,238,440,257,186,780,1486
12-10-2017 00:00:00,,,5086,754,279,446,268,161,414,1528
13-10-2017 00:00:00,,,3901,648,273,463,265,123,713,1492
14-10-2017 00:00:00,,,1137,510,275,316,456,297,298,2658
15-10-2017 00:00:00,,,920,651,221,205,350,167,238,1673
16-10-2017 00:00:00,,,2793,564,210,498,232,128,1016,1529
17-10-2017 00:00:00,,,3452,675,305,618,400,204,1081,3048
18-10-2017 00:00:00,,,3382,565,263,585,322,147,1101,2205
19-10-2017 00:00:00,,,3296,663,240,491,,153,998,1651
20-10-2017 00:00:00,,,2917,736,301,405,264,124,712,1699
21-10-2017 00:00:00,,,1035,594,266,293,366,151,385,1988
22-10-2017 00:00:00,,,851,811,204,224,366,165,190,1968
23-10-2017 00:00:00,,,2477,662,156,420,144,,628,459
24-10-2017 00:00:00,,,3511,721,309,547,318,248,1159,1909
25-10-2017 00:00:00,,,3375,624,276,563,316,136,1015,1556
26-10-2017 00:00:00,,,3219,645,246,530,281,114,987,1517
27-10-2017 00:00:00,,,2913,718,248,504,283,232,656,1615
28-10-2017 00:00:00,,,1144,551,378,237,397,243,238,1703
29-10-2017 00:00:00,,,617,776,160,258,324,136,120,999
30-10-2017 00:00:00,,,3007,594,181,527,,,701,1278
31-10-2017 00:00:00,,,3353,703,246,529,,170,858,1717
01-11-2017 00:00:00,,,3565,685,365,513,,112,800,1682
02-11-2017 00:00:00,,,3397,,418,584,,149,1069,1726
03-11-2017 00:00:00,,,3149,,244,451,,112,628,1739
04-11-2017 00:00:00,,,1231,,280,209,421,133,201,1830
05-11-2017 00:00:00,,,,,263,256,340,130,250,1746
06-11-2017 00:00:00,,,,,189,604,340,132,909,1702
07-11-2017 00:00:00,,,,,249,533,236,81,779,1230
08-11-2017 00:00:00,,,,,503,515,168,74,758,774
09-11-2017 00:00:00,,,,,,527,206,67,791,932
10-11-2017 00:00:00,,,,,,508,255,92,609,1394
11-11-2017 00:00:00,,,,,,283,310,136,294,1868
12-11-2017 00:00:00,,,,,,216,240,58,70,757
13-11-2017 00:00:00,,,,,,587,252,152,837,1159
14-11-2017 00:00:00,,,,,,567,264,90,803,1032
15-11-2017 00:00:00,,,,,,583,,105,746,1323
16-11-2017 00:00:00,,,,,,577,,116,835,1384
17-11-2017 00:00:00,,,,,,449,,93,584,1665
18-11-2017 00:00:00,,,,,,238,,126,224,1865
19-11-2017 00:00:00,,,,,,254,,122,179,1416
20-11-2017 00:00:00,,,,,,571,,99,852,999
21-11-2017 00:00:00,,,,,,453,,82,742,971
22-11-2017 00:00:00,,,,,,262,,114,715,1075
23-11-2017 00:00:00,,,,,,156,,98,106,613
24-11-2017 00:00:00,,,,,,199,,50,107,839
25-11-2017 00:00:00,,,,,,175,,113,100,1146
26-11-2017 00:00:00,,,,,,227,,99,,1222
27-11-2017 00:00:00,,,,,,540,,116,,1140
28-11-2017 00:00:00,,,,,,497,,133,,1293
29-11-2017 00:00:00,,,,,,583,,,,1406
30-11-2017 00:00:00,,,,,,546,,,,1348
01-12-2017 00:00:00,,,,,,497,,,,1455
02-12-2017 00:00:00,,,,,,260,,,,1268
03-12-2017 00:00:00,,,,,,225,,,,1647
04-12-2017 00:00:00,,,,,,577,,,,1582
05-12-2017 00:00:00,,,,,,479,,,1022,1252
06-12-2017 00:00:00,,,,,,527,,,656,759
07-12-2017 00:00:00,,,,,,392,,,713,978
08-12-2017 00:00:00,,,,,,313,,,313,282
09-12-2017 00:00:00,,,,,,197,,,,589
10-12-2017 00:00:00,,,,,,227,,,,992
11-12-2017 00:00:00,,,,,,401,,,,959
12-12-2017 00:00:00,,,,,,408,,,,830
13-12-2017 00:00:00,,,,,,396,,,,775
14-12-2017 00:00:00,,,,,,400,,,,1016
15-12-2017 00:00:00,,,,,,268,,,,870
16-12-2017 00:00:00,,,,,,198,,,,1309
17-12-2017 00:00:00,,,,,,146,,,,910
18-12-2017 00:00:00,,,,,,256,,,,1182
19-12-2017 00:00:00,,,,,,219,,,,1378
20-12-2017 00:00:00,,,,,,177,,,,377
21-12-2017 00:00:00,,,,,,226,,,,924
22-12-2017 00:00:00,,,,,,178,,,,904
23-12-2017 00:00:00,,,,,,140,,,,738
24-12-2017 00:00:00,,,,,,131,,,,456
25-12-2017 00:00:00,,,,,,72,,,,230
26-12-2017 00:00:00,,,,,,172,,,,536
27-12-2017 00:00:00,,,,,,186,,,,597
28-12-2017 00:00:00,,,,,,169,,,,591
29-12-2017 00:00:00,,,,,,183,,,,708
30-12-2017 00:00:00,,,,,,151,,,,1040
31-12-2017 00:00:00,,,,,,105,,,,507
01-01-2018 00:00:00,,,,,,102,,,,458
02-01-2018 00:00:00,,,,,,172,,,,527
03-01-2018 00:00:00,,,,,,197,,,335,569
04-01-2018 00:00:00,,,,,,220,,,311,642
05-01-2018 00:00:00,,,,,,199,,,377,476
06-01-2018 00:00:00,,,,,,163,,,209,860
07-01-2018 00:00:00,,,,,,137,,,70,512
08-01-2018 00:00:00,,,,,,375,,,503,418
09-01-2018 00:00:00,,,,,,497,,,637,1506
10-01-2018 00:00:00,,,,,,461,,,590,1294
11-01-2018 00:00:00,,,,,,442,,,938,892
12-01-2018 00:00:00,,,,,,346,,,596,582
13-01-2018 00:00:00,,,,,,209,,,250,1399
14-01-2018 00:00:00,,,,,,165,,,113,614
15-01-2018 00:00:00,,,,,,200,,,257,654
16-01-2018 00:00:00,,,,,,387,,,,744
17-01-2018 00:00:00,,,,,,293,,,,604
18-01-2018 00:00:00,,,,,,296,,,,541
19-01-2018 00:00:00,,,,,,395,,,,589
20-01-2018 00:00:00,,,,,,284,,,,
21-01-2018 00:00:00,,,,,,298,,,,
22-01-2018 00:00:00,,,,,,421,,,,
23-01-2018 00:00:00,,,,,,483,,,,
24-01-2018 00:00:00,,,,,,535,,,,
25-01-2018 00:00:00,,,,,319,482,,,,
26-01-2018 00:00:00,,,,,198,402,,,,
27-01-2018 00:00:00,,,,,235,219,,,,
28-01-2018 00:00:00,,,,,60,142,,,,
29-01-2018 00:00:00,,,,,222,532,,,,
30-01-2018 00:00:00,,,,,244,471,,,,
31-01-2018 00:00:00,,,,,264,506,,,,951
01-02-2018 00:00:00,,,,,177,471,,,,1136
02-02-2018 00:00:00,,,,,147,359,,105,,672
03-02-2018 00:00:00,,,,,207,186,,97,,1349
04-02-2018 00:00:00,,,,,65,189,,32,,331
05-02-2018 00:00:00,,,,,184,500,,124,,1002
06-02-2018 00:00:00,,,,,189,474,,109,,1155
07-02-2018 00:00:00,,,,,115,397,,51,,785
08-02-2018 00:00:00,,,,,209,476,,119,843,1183
09-02-2018 00:00:00,,,,,267,418,,127,741,1428
10-02-2018 00:00:00,,,,,202,191,,101,298,1182
11-02-2018 00:00:00,,,,,149,197,,100,156,1374
12-02-2018 00:00:00,,,,,177,475,,100,857,1205
13-02-2018 00:00:00,,,,,206,452,,91,819,955
14-02-2018 00:00:00,,,,,180,474,,118,796,1168
15-02-2018 00:00:00,,,,,310,442,,150,980,2143
16-02-2018 00:00:00,,,,,328,359,,133,850,1990
17-02-2018 00:00:00,,,,,225,227,,74,215,1097
18-02-2018 00:00:00,,,,,271,221,,208,279,3042
19-02-2018 00:00:00,,,,,208,512,,96,753,1110
20-02-2018 00:00:00,,,,,288,486,,179,896,2134
21-02-2018 00:00:00,,,,,337,372,,153,945,2204
22-02-2018 00:00:00,,,,,324,430,316,124,1010,2062
23-02-2018 00:00:00,,,,,441,387,397,146,680,2632
24-02-2018 00:00:00,,,,,480,249,537,237,388,3212
25-02-2018 00:00:00,,,,,265,202,380,106,177,1452
26-02-2018 00:00:00,,,,,192,498,184,83,904,833
27-02-2018 00:00:00,,,,,390,512,376,140,1214,2024
28-02-2018 00:00:00,,,,,126,506,204,80,1577,697
01-03-2018 00:00:00,,,,,129,394,136,77,824,699
02-03-2018 00:00:00,,,,,232,362,239,130,718,1543
03-03-2018 00:00:00,,,,,208,189,392,169,296,2365
04-03-2018 00:00:00,,,,,249,184,418,147,273,2203
05-03-2018 00:00:00,,,,,220,279,296,156,852,1501
06-03-2018 00:00:00,,,,,82,189,108,59,568,408
07-03-2018 00:00:00,,,,,186,240,284,130,1354,1434
08-03-2018 00:00:00,,,,,149,198,223,77,787,861
09-03-2018 00:00:00,,,,,162,294,208,97,536,1132
10-03-2018 00:00:00,,,,,186,209,326,120,194,1449
11-03-2018 00:00:00,,,,,112,162,151,46,89,371
12-03-2018 00:00:00,,,,,118,358,86,49,326,492
13-03-2018 00:00:00,,,,,241,459,316,121,441,1349
14-03-2018 00:00:00,,,,,218,452,223,88,370,868
15-03-2018 00:00:00,,,,,232,533,281,168,742,1755
16-03-2018 00:00:00,,,,,319,381,354,142,895,2840
17-03-2018 00:00:00,,,,,426,264,408,193,515,2876
18-03-2018 00:00:00,,,,,366,251,516,176,316,2572
19-03-2018 00:00:00,,,,,243,422,275,128,877,1417
20-03-2018 00:00:00,,,,,221,418,344,149,994,1352
21-03-2018 00:00:00,,,,,179,476,133,60,660,671
22-03-2018 00:00:00,,,,,266,412,314,114,897,1252
23-03-2018 00:00:00,,,,,366,328,264,95,675,1564
24-03-2018 00:00:00,,,,,238,155,289,77,244,952
25-03-2018 00:00:00,,,,,292,168,347,115,137,1388
26-03-2018 00:00:00,,,,,296,372,273,126,847,1503
27-03-2018 00:00:00,,,,,160,396,268,114,842,1036
28-03-2018 00:00:00,,,,,255,371,270,204,951,2120
29-03-2018 00:00:00,,,,,247,334,298,188,1075,2410
30-03-2018 00:00:00,,,,,183,211,287,176,306,2366
31-03-2018 00:00:00,,,,,242,183,359,151,184,3319
01-04-2018 00:00:00,,,,,189,136,314,217,186,2175
02-04-2018 00:00:00,,,,,293,317,339,198,812,2493
03-04-2018 00:00:00,,,,,318,434,375,176,964,2255
04-04-2018 00:00:00,,,,,344,391,322,162,899,1891
05-04-2018 00:00:00,,,,,424,407,265,149,836,1682
06-04-2018 00:00:00,,,,,421,296,257,228,660,1825
07-04-2018 00:00:00,,,,,182,160,168,59,134,669
08-04-2018 00:00:00,,,,,301,190,373,141,170,2512
09-04-2018 00:00:00,,,,,252,376,228,115,816,1470
10-04-2018 00:00:00,,,,,307,401,412,282,864,2011
11-04-2018 00:00:00,,,,,357,399,302,171,1261,1961
12-04-2018 00:00:00,,,,,504,376,299,178,1180,2034
13-04-2018 00:00:00,,,,,569,307,273,334,915,2231
14-04-2018 00:00:00,,,,,381,166,401,210,433,4726
15-04-2018 00:00:00,,,,,176,139,236,140,103,
16-04-2018 00:00:00,,,,,248,367,253,88,799,
17-04-2018 00:00:00,,,,,287,421,456,184,1233,
18-04-2018 00:00:00,,,,,442,407,328,163,1244,
19-04-2018 00:00:00,,,3760,,289,365,314,178,1216,
20-04-2018 00:00:00,,,3337,,266,340,259,150,916,
21-04-2018 00:00:00,,,1418,,422,264,374,199,377,
22-04-2018 00:00:00,,,903,,442,195,386,177,167,
23-04-2018 00:00:00,,,2625,,73,297,74,32,535,
24-04-2018 00:00:00,,,3080,,213,342,152,74,675,
25-04-2018 00:00:00,,,3782,,397,452,317,194,917,
26-04-2018 00:00:00,,,3512,,259,337,285,144,906,
27-04-2018 00:00:00,,,3602,,493,358,253,170,698,
28-04-2018 00:00:00,,,1571,,388,215,411,249,505,
29-04-2018 00:00:00,,,965,,237,259,395,250,328,
30-04-2018 00:00:00,,,3970,,286,417,340,188,898,
01-05-2018 00:00:00,,,4072,,270,406,344,192,899,
02-05-2018 00:00:00,,,4059,,268,354,329,220,1059,
03-05-2018 00:00:00,,,3796,,301,285,276,180,872,
04-05-2018 00:00:00,,,3311,,215,306,300,134,741,
05-05-2018 00:00:00,,,1282,,345,287,400,178,519,
06-05-2018 00:00:00,,,1169,,303,242,341,187,319,
07-05-2018 00:00:00,,,3852,,328,348,391,172,763,
08-05-2018 00:00:00,,,4126,,395,414,400,214,797,
09-05-2018 00:00:00,,,4045,,389,421,303,230,677,
10-05-2018 00:00:00,,,3413,,235,293,282,121,729,
11-05-2018 00:00:00,,,3189,,218,231,230,125,553,
12-05-2018 00:00:00,,,1232,,258,143,293,147,304,
13-05-2018 00:00:00,,,752,,201,164,268,109,122,
14-05-2018 00:00:00,,,3321,,268,152,324,151,442,
15-05-2018 00:00:00,,,3456,,207,183,264,140,468,
16-05-2018 00:00:00,,,3113,,210,189,163,124,497,
17-05-2018 00:00:00,,,3534,,257,243,282,171,469,
18-05-2018 00:00:00,,,2913,,276,184,225,94,311,
19-05-2018 00:00:00,,,1118,,410,144,244,231,258,
20-05-2018 00:00:00,,,895,,247,119,288,193,203,
21-05-2018 00:00:00,,,3490,,314,239,299,147,674,
22-05-2018 00:00:00,,,3655,,349,288,326,172,648,
23-05-2018 00:00:00,,,3557,,308,246,283,142,589,
24-05-2018 00:00:00,,,3589,,234,187,243,143,566,
25-05-2018 00:00:00,,,3071,,184,171,251,189,335,
26-05-2018 00:00:00,,,1953,,288,145,240,161,184,
27-05-2018 00:00:00,,,1027,,173,148,249,176,213,
28-05-2018 00:00:00,,,545,,180,120,276,98,141,
29-05-2018 00:00:00,,,2808,,161,236,199,107,473,
30-05-2018 00:00:00,,,3475,,237,277,302,131,616,
31-05-2018 00:00:00,,,3095,,189,181,215,111,499,
01-06-2018 00:00:00,,,2726,,182,201,260,114,343,
02-06-2018 00:00:00,,,1263,,315,179,361,221,302,
03-06-2018 00:00:00,,,993,,238,188,333,220,192,
04-06-2018 00:00:00,,,3521,,323,333,332,195,525,
05-06-2018 00:00:00,,,3690,,284,258,398,197,560,
06-06-2018 00:00:00,,,3509,,273,268,319,185,530,
07-06-2018 00:00:00,,,3582,,270,274,262,173,465,
08-06-2018 00:00:00,,,3776,,236,160,242,183,273,
09-06-2018 00:00:00,,,2568,,319,149,292,172,229,
10-06-2018 00:00:00,,,1573,,260,119,291,176,192,
11-06-2018 00:00:00,,,3090,,297,170,244,164,416,
12-06-2018 00:00:00,,,3527,,303,275,342,169,568,
13-06-2018 00:00:00,,,3335,,290,229,304,176,609,
14-06-2018 00:00:00,,,3184,,394,181,231,137,474,
15-06-2018 00:00:00,,,2899,,274,216,204,152,270,
16-06-2018 00:00:00,,,1257,,336,124,262,125,196,
17-06-2018 00:00:00,,,1005,,247,88,229,151,160,
18-06-2018 00:00:00,,,2983,,245,119,243,157,349,
19-06-2018 00:00:00,,,3101,,286,198,257,109,434,
20-06-2018 00:00:00,,,3046,,228,171,233,159,439,
21-06-2018 00:00:00,,,3082,,277,139,188,168,456,
22-06-2018 00:00:00,,,2616,,249,166,204,131,269,
23-06-2018 00:00:00,,,1197,,313,130,231,155,267,
24-06-2018 00:00:00,,,946,,234,136,240,157,155,
25-06-2018 00:00:00,,,2943,,269,142,226,119,424,
26-06-2018 00:00:00,,,2906,,215,140,264,121,415,
27-06-2018 00:00:00,,,3008,,339,164,254,146,445,
28-06-2018 00:00:00,,,2976,,364,213,230,136,402,
29-06-2018 00:00:00,,,2481,,189,109,203,98,234,
30-06-2018 00:00:00,,,1052,,251,140,302,121,232,
01-07-2018 00:00:00,,,880,,200,148,262,120,133,
02-07-2018 00:00:00,,,2574,,231,103,199,134,381,
03-07-2018 00:00:00,,,2432,,196,95,183,81,549,
04-07-2018 00:00:00,,,2302,,359,44,202,175,148,
05-07-2018 00:00:00,,,2199,,197,131,152,100,331,
06-07-2018 00:00:00,,,1637,,129,154,141,140,162,
07-07-2018 00:00:00,,,983,,319,200,348,217,338,
08-07-2018 00:00:00,,,1192,,293,206,327,272,237,
09-07-2018 00:00:00,,,3108,,282,320,293,202,495,
10-07-2018 00:00:00,,,3187,,224,195,264,133,437,
11-07-2018 00:00:00,,,2740,,268,168,234,127,466,
12-07-2018 00:00:00,,,3001,,258,171,184,125,402,
13-07-2018 00:00:00,,,2787,,293,174,208,105,249,
14-07-2018 00:00:00,,,1256,,312,141,302,133,227,
15-07-2018 00:00:00,,,981,,229,95,232,135,123,
16-07-2018 00:00:00,,,2970,,278,145,238,147,414,
17-07-2018 00:00:00,,,3165,,263,136,271,152,456,
18-07-2018 00:00:00,,,3330,,267,141,220,129,334,
19-07-2018 00:00:00,,,3285,,327,142,293,142,433,
20-07-2018 00:00:00,,,2969,,292,145,197,175,274,
21-07-2018 00:00:00,,,1321,,344,139,302,161,261,
22-07-2018 00:00:00,,,2412,,384,126,322,233,279,
23-07-2018 00:00:00,,,2722,,303,171,222,94,448,
24-07-2018 00:00:00,,,3040,,269,221,301,184,314,
25-07-2018 00:00:00,,,3137,,220,223,275,156,359,
26-07-2018 00:00:00,,,3171,,247,,193,175,308,
27-07-2018 00:00:00,,,2846,,243,163,338,108,315,
28-07-2018 00:00:00,,,1187,,315,145,394,134,206,
29-07-2018 00:00:00,,,1024,,225,145,223,122,124,
30-07-2018 00:00:00,,,2986,,350,206,235,229,331,
31-07-2018 00:00:00,,,2979,,319,146,270,148,343,
01-08-2018 00:00:00,,,2630,,229,174,221,119,406,
02-08-2018 00:00:00,,,2538,,148,135,144,110,329,
03-08-2018 00:00:00,,,3681,,242,174,205,193,374,
04-08-2018 00:00:00,,,1305,,500,120,384,195,194,
05-08-2018 00:00:00,,,1079,,355,105,239,186,143,
06-08-2018 00:00:00,,,2716,,275,112,199,114,367,
07-08-2018 00:00:00,,,2979,,301,177,269,143,419,
08-08-2018 00:00:00,,,2820,,225,170,282,195,435,
09-08-2018 00:00:00,,,2880,,229,176,231,140,443,
10-08-2018 00:00:00,,,2576,,267,103,239,123,343,
11-08-2018 00:00:00,,,1305,,250,119,487,183,147,
12-08-2018 00:00:00,,,1104,,222,102,272,186,144,
13-08-2018 00:00:00,,,2914,,298,115,275,282,499,
14-08-2018 00:00:00,,,2948,,253,208,278,170,511,
15-08-2018 00:00:00,,,2943,,272,167,256,,962,
16-08-2018 00:00:00,,,2897,,189,129,186,142,899,
17-08-2018 00:00:00,,,3743,,271,142,215,138,681,
18-08-2018 00:00:00,,,2651,,237,152,311,133,489,
19-08-2018 00:00:00,,,2157,,297,165,307,161,214,
20-08-2018 00:00:00,,,2643,,297,305,293,170,798,
21-08-2018 00:00:00,,,2867,,236,504,346,131,880,
22-08-2018 00:00:00,,,2939,,243,400,297,167,789,
23-08-2018 00:00:00,,,2995,,294,478,371,161,838,
24-08-2018 00:00:00,,,4648,,292,351,253,190,596,
25-08-2018 00:00:00,,,1785,,378,200,413,126,321,
26-08-2018 00:00:00,,,1106,,301,186,339,154,229,
27-08-2018 00:00:00,,,2820,,255,348,247,172,751,
28-08-2018 00:00:00,,,3034,,276,391,290,134,733,
29-08-2018 00:00:00,,,2955,,257,294,292,94,657,
30-08-2018 00:00:00,,,2815,,203,326,194,100,706,
31-08-2018 00:00:00,,,2613,,299,332,226,102,588,
01-09-2018 00:00:00,,,4086,,423,189,324,160,161,
02-09-2018 00:00:00,,,1094,,225,144,221,119,133,
03-09-2018 00:00:00,,,851,,230,154,322,89,131,
04-09-2018 00:00:00,,,2617,,211,371,210,100,568,
05-09-2018 00:00:00,,,2815,,255,291,318,115,569,
06-09-2018 00:00:00,,,2653,,195,387,206,82,627,
07-09-2018 00:00:00,,,2563,,236,292,375,94,530,
08-09-2018 00:00:00,,,1960,,270,189,353,129,179,
09-09-2018 00:00:00,,,5160,,343,142,277,453,151,
10-09-2018 00:00:00,,,2729,,263,445,247,125,706,
11-09-2018 00:00:00,,,2783,,290,312,224,111,602,
12-09-2018 00:00:00,,,2723,,211,328,285,134,658,
13-09-2018 00:00:00,,,2598,,239,191,316,167,539,
14-09-2018 00:00:00,,,1607,,156,135,276,132,120,
15-09-2018 00:00:00,,,193,,32,73,81,37,39,
16-09-2018 00:00:00,,,97,,34,33,38,46,30,
17-09-2018 00:00:00,,,2143,,220,203,297,169,170,
18-09-2018 00:00:00,,,2845,,317,421,333,204,868,
19-09-2018 00:00:00,,,2840,,374,417,343,150,924,
20-09-2018 00:00:00,,,2725,,294,445,247,122,764,
21-09-2018 00:00:00,,,2497,,324,344,274,181,536,
22-09-2018 00:00:00,,,1484,,322,205,422,203,141,
23-09-2018 00:00:00,,,2436,,383,183,330,213,139,
24-09-2018 00:00:00,,,2621,,283,470,363,148,782,
25-09-2018 00:00:00,,,2856,,383,483,330,126,956,
26-09-2018 00:00:00,,,2627,,243,367,301,114,639,
27-09-2018 00:00:00,,,2534,,212,427,238,152,713,
28-09-2018 00:00:00,,,2337,,274,357,247,133,613,
29-09-2018 00:00:00,,,1327,,401,201,386,243,235,
30-09-2018 00:00:00,,,1214,,234,196,384,258,188,
01-10-2018 00:00:00,,,2796,,351,442,297,165,705,
02-10-2018 00:00:00,,,2985,,392,501,329,235,723,1943
03-10-2018 00:00:00,,,2982,,331,399,295,159,729,2241
04-10-2018 00:00:00,,,2886,,285,457,308,144,658,1796
05-10-2018 00:00:00,,,2430,,238,347,248,112,441,2223
06-10-2018 00:00:00,,,2280,,520,197,361,173,233,3998
07-10-2018 00:00:00,,,3213,,380,189,337,268,213,3193
08-10-2018 00:00:00,,,1949,,371,159,283,141,732,2023
09-10-2018 00:00:00,,,2873,,291,279,270,163,906,2392
10-10-2018 00:00:00,,,2322,,194,342,181,80,605,1479
11-10-2018 00:00:00,,,1647,,131,166,135,84,323,1859
12-10-2018 00:00:00,,,3210,,323,468,361,181,739,3700
13-10-2018 00:00:00,,,1618,,572,264,426,624,405,4188
14-10-2018 00:00:00,,,1120,,292,219,336,128,184,2891
15-10-2018 00:00:00,,,3648,,419,400,312,174,982,2826
16-10-2018 00:00:00,,,3540,,306,421,297,121,1021,1956
17-10-2018 00:00:00,,,3827,,301,503,258,213,989,2767
18-10-2018 00:00:00,,,3649,,289,501,294,261,888,2685
19-10-2018 00:00:00,,,3501,,267,376,304,149,639,3010
20-10-2018 00:00:00,,,1017,,350,172,313,135,466,2646
21-10-2018 00:00:00,,,1146,,266,232,391,207,171,2837
22-10-2018 00:00:00,,,3082,,294,457,300,153,975,2203
23-10-2018 00:00:00,,,2980,,269,453,355,176,949,2320
24-10-2018 00:00:00,,,2993,,272,451,304,157,877,2241
25-10-2018 00:00:00,,333,2937,,259,462,274,115,791,1701
26-10-2018 00:00:00,,129,1313,,97,171,43,33,308,343
27-10-2018 00:00:00,,707,1391,,412,180,442,184,191,2761
28-10-2018 00:00:00,,719,2608,,337,210,370,294,225,3180
29-10-2018 00:00:00,,444,2932,,258,469,262,143,797,1748
30-10-2018 00:00:00,,484,3057,,283,489,369,148,883,1895
31-10-2018 00:00:00,,597,3057,,274,457,267,187,793,1849
01-11-2018 00:00:00,,406,2916,,254,399,271,132,774,1620
02-11-2018 00:00:00,,340,2214,,226,344,140,101,505,1234
03-11-2018 00:00:00,,822,1787,,658,236,288,231,335,2372
04-11-2018 00:00:00,,575,2338,,482,213,301,221,184,2482
05-11-2018 00:00:00,,340,2563,,257,468,185,118,761,1248
06-11-2018 00:00:00,,392,2650,,256,488,212,131,817,1625
07-11-2018 00:00:00,,439,2960,,307,487,254,168,945,1836
08-11-2018 00:00:00,,345,2889,780,254,453,271,111,859,1135
09-11-2018 00:00:00,,262,2021,984,184,291,124,78,359,751
10-11-2018 00:00:00,,705,1523,808,357,210,415,198,306,2352
11-11-2018 00:00:00,,534,658,682,458,183,266,158,133,1731
12-11-2018 00:00:00,,121,1133,541,147,311,87,40,371,340
13-11-2018 00:00:00,,208,2339,1087,322,423,109,100,590,806
14-11-2018 00:00:00,,234,2445,782,247,466,123,74,720,797
15-11-2018 00:00:00,,160,1873,712,254,335,83,46,486,641
16-11-2018 00:00:00,,423,2286,776,309,369,201,103,596,1411
17-11-2018 00:00:00,,635,1438,584,383,233,357,182,210,2412
18-11-2018 00:00:00,,580,928,743,245,188,342,159,182,1902
19-11-2018 00:00:00,,381,2565,790,242,399,275,194,831,1470
20-11-2018 00:00:00,,375,2762,756,200,373,209,137,784,1314
21-11-2018 00:00:00,,406,1783,687,196,139,184,107,585,1120
22-11-2018 00:00:00,,326,2581,1054,164,108,230,92,101,794
23-11-2018 00:00:00,,329,666,483,179,116,157,57,99,739
24-11-2018 00:00:00,,294,399,464,139,111,162,64,105,1016
25-11-2018 00:00:00,,474,1754,738,283,155,318,161,265,1592
26-11-2018 00:00:00,,300,2442,721,240,369,178,98,652,1181
27-11-2018 00:00:00,,308,2589,645,191,457,201,105,818,1098
28-11-2018 00:00:00,,283,2633,674,181,381,199,93,704,982
29-11-2018 00:00:00,,308,3249,989,194,390,198,106,749,1313
30-11-2018 00:00:00,,313,2277,433,203,356,165,83,497,952
01-12-2018 00:00:00,,360,2505,319,269,172,247,76,157,941
02-12-2018 00:00:00,,503,1013,266,217,179,302,115,216,1556
03-12-2018 00:00:00,,368,2859,312,267,406,254,190,936,1891
04-12-2018 00:00:00,,380,2761,227,228,412,228,130,783,1216
05-12-2018 00:00:00,,293,2599,255,237,338,210,93,779,1046
06-12-2018 00:00:00,,282,2501,370,173,251,130,78,623,856
07-12-2018 00:00:00,,361,2392,283,158,278,169,102,494,1104
08-12-2018 00:00:00,,326,565,233,152,189,199,67,163,756
09-12-2018 00:00:00,,368,198,326,52,170,34,40,24,427
10-12-2018 00:00:00,,203,995,179,97,204,107,57,110,603
11-12-2018 00:00:00,,267,2407,320,181,319,219,104,631,1108
12-12-2018 00:00:00,,248,2597,315,153,263,212,91,553,1069
13-12-2018 00:00:00,,307,2493,148,193,305,222,105,558,1067
14-12-2018 00:00:00,,139,1651,275,94,164,62,39,224,448
15-12-2018 00:00:00,,381,796,149,175,133,220,153,143,1130
16-12-2018 00:00:00,,526,1215,346,309,164,387,239,141,2135
17-12-2018 00:00:00,,334,4414,252,410,172,223,191,533,1438
18-12-2018 00:00:00,,384,2933,462,261,119,354,118,435,1475
19-12-2018 00:00:00,,322,2635,265,167,121,178,107,400,1208
20-12-2018 00:00:00,,186,1658,229,60,103,104,36,151,395
21-12-2018 00:00:00,,240,1357,285,114,93,85,53,130,539
22-12-2018 00:00:00,,539,628,233,216,137,313,125,102,1258
23-12-2018 00:00:00,,355,1528,203,220,121,279,166,97,884
24-12-2018 00:00:00,,348,677,185,136,124,271,111,88,530
25-12-2018 00:00:00,,292,281,148,51,66,217,66,85,501
26-12-2018 00:00:00,,396,1066,154,166,132,254,98,160,822
27-12-2018 00:00:00,,288,1265,213,149,122,161,84,146,778
28-12-2018 00:00:00,,240,1042,270,139,93,71,34,112,535
29-12-2018 00:00:00,,631,2354,176,359,132,402,212,225,2452
30-12-2018 00:00:00,,484,760,302,221,97,214,136,119,1425
31-12-2018 00:00:00,,387,1550,371,171,114,172,54,136,1098
01-01-2019 00:00:00,,845,,150,259,132,384,299,184,2676
02-01-2019 00:00:00,,390,,178,223,162,211,143,444,1389
03-01-2019 00:00:00,,322,,133,167,149,145,120,382,1394
04-01-2019 00:00:00,,223,,266,116,108,63,53,251,627
05-01-2019 00:00:00,,962,,385,410,118,520,242,204,4263
06-01-2019 00:00:00,,815,,224,310,146,502,263,272,3646
07-01-2019 00:00:00,,408,,406,300,161,270,136,606,1627
08-01-2019 00:00:00,,462,,328,375,173,358,177,626,2013
09-01-2019 00:00:00,,355,,445,245,445,276,133,786,1468
10-01-2019 00:00:00,,363,,404,205,414,189,99,1058,1092
11-01-2019 00:00:00,,359,,505,208,275,185,93,694,1060
12-01-2019 00:00:00,,405,,381,201,103,369,65,168,1277
13-01-2019 00:00:00,,316,,205,103,88,179,77,94,861
14-01-2019 00:00:00,,290,,401,214,354,188,151,999,1271
15-01-2019 00:00:00,,328,,492,203,391,222,125,944,1288
16-01-2019 00:00:00,,382,,408,252,395,219,136,979,1497
17-01-2019 00:00:00,,226,,663,154,432,192,98,834,832
18-01-2019 00:00:00,,445,,506,248,302,212,135,555,1430
19-01-2019 00:00:00,,375,,496,212,134,250,72,104,1199
20-01-2019 00:00:00,,498,,95,213,175,325,158,107,1517
21-01-2019 00:00:00,,260,,183,171,157,167,85,212,927
22-01-2019 00:00:00,,272,,458,190,352,145,94,782,977
23-01-2019 00:00:00,,315,,342,199,327,338,121,712,1289
24-01-2019 00:00:00,,357,,598,230,394,205,202,809,1430
25-01-2019 00:00:00,,345,,99,176,310,197,113,571,1153
26-01-2019 00:00:00,,617,,104,309,175,348,203,304,2412
27-01-2019 00:00:00,,541,,79,191,143,317,171,164,1713
28-01-2019 00:00:00,,395,,97,229,380,260,134,689,1485
29-01-2019 00:00:00,,263,,94,149,341,164,88,723,855
30-01-2019 00:00:00,,264,,74,166,325,214,90,714,981
31-01-2019 00:00:00,,233,,90,182,371,163,95,710,965
01-02-2019 00:00:00,,425,,103,291,313,198,108,560,1472
02-02-2019 00:00:00,,1330,,79,652,216,407,246,204,4236
03-02-2019 00:00:00,,676,,76,339,156,435,180,198,2478
04-02-2019 00:00:00,,481,,93,324,370,335,173,743,2249
05-02-2019 00:00:00,,545,,120,393,429,359,207,839,2839
06-02-2019 00:00:00,,541,,104,384,355,289,187,774,2197
07-02-2019 00:00:00,,656,,96,464,395,318,224,944,2597
08-02-2019 00:00:00,,490,,112,331,277,259,154,551,1997
09-02-2019 00:00:00,,606,,68,340,144,310,130,204,2066
10-02-2019 00:00:00,,368,,73,160,153,234,94,110,1308
11-02-2019 00:00:00,,209,,562,227,408,156,103,948,1070
12-02-2019 00:00:00,,206,,476,146,394,89,69,592,547
13-02-2019 00:00:00,,389,,535,296,377,264,168,820,1824
14-02-2019 00:00:00,,421,,565,352,376,220,134,776,1526
15-02-2019 00:00:00,,598,,808,355,243,258,163,714,1938
16-02-2019 00:00:00,,533,,473,302,126,255,126,279,1657
17-02-2019 00:00:00,,291,,435,220,139,209,98,147,857
18-02-2019 00:00:00,,531,,638,255,399,318,204,659,2321
19-02-2019 00:00:00,,144,,366,156,372,155,46,494,492
20-02-2019 00:00:00,,186,,512,122,350,79,51,446,606
21-02-2019 00:00:00,,,,559,267,368,166,167,707,1674
22-02-2019 00:00:00,,,,452,145,261,107,55,283,578
23-02-2019 00:00:00,,,532,382,141,109,148,52,170,728
24-02-2019 00:00:00,,,1080,555,339,132,525,375,280,4559
25-02-2019 00:00:00,,,2802,600,296,379,280,160,710,1925
26-02-2019 00:00:00,,,3032,557,315,349,310,214,789,2308
27-02-2019 00:00:00,,,,740,235,367,210,159,731,1738
28-02-2019 00:00:00,,,2545,630,193,323,155,108,635,919
01-03-2019 00:00:00,,,2080,482,96,262,126,67,258,613
02-03-2019 00:00:00,,,1409,430,232,144,402,234,320,4628
03-03-2019 00:00:00,,486,566,523,112,110,229,82,180,1002
04-03-2019 00:00:00,,372,2554,489,206,158,199,148,635,1297
05-03-2019 00:00:00,,567,2662,477,243,153,271,135,717,1264
06-03-2019 00:00:00,,237,2794,482,199,140,138,143,624,1198
07-03-2019 00:00:00,,540,2670,533,305,126,166,204,775,1417
08-03-2019 00:00:00,,,1958,402,185,105,97,46,387,612
09-03-2019 00:00:00,,,1897,392,233,122,270,102,155,1355
10-03-2019 00:00:00,,,1215,565,237,135,333,204,165,2656
11-03-2019 00:00:00,,,2807,665,358,398,263,188,456,
12-03-2019 00:00:00,,,3155,583,402,381,331,256,533,
13-03-2019 00:00:00,,485,3135,564,340,314,329,203,435,
14-03-2019 00:00:00,,690,3208,655,361,382,302,193,552,
15-03-2019 00:00:00,,397,2415,652,270,297,167,108,277,
16-03-2019 00:00:00,,911,2684,568,410,200,343,216,374,
17-03-2019 00:00:00,,,992,545,253,225,345,268,152,
18-03-2019 00:00:00,,,2693,463,226,353,245,198,704,
19-03-2019 00:00:00,,,2878,495,243,363,241,167,775,
20-03-2019 00:00:00,,,2938,427,250,294,246,173,673,
21-03-2019 00:00:00,,,2760,488,242,347,194,132,655,
22-03-2019 00:00:00,,,2584,584,346,282,233,165,525,
23-03-2019 00:00:00,,,1442,416,410,124,443,223,372,
24-03-2019 00:00:00,,,1241,504,,142,455,231,261,
25-03-2019 00:00:00,,,2632,439,,290,201,148,684,
26-03-2019 00:00:00,,,2929,430,,409,275,215,743,
27-03-2019 00:00:00,,480,2968,494,,297,284,170,711,
28-03-2019 00:00:00,,488,2967,516,,348,296,185,737,
29-03-2019 00:00:00,,580,2689,587,,255,316,133,591,
30-03-2019 00:00:00,,699,1480,332,,157,401,277,285,
31-03-2019 00:00:00,,405,752,519,,199,340,156,144,
01-04-2019 00:00:00,,373,2635,472,,398,238,176,700,
02-04-2019 00:00:00,,,2472,353,,362,178,143,555,
03-04-2019 00:00:00,,,3120,415,,329,273,238,832,
04-04-2019 00:00:00,,,3360,356,288,335,355,222,719,
05-04-2019 00:00:00,,,1967,355,191,256,103,103,352,
06-04-2019 00:00:00,,,1606,465,384,159,449,293,252,
07-04-2019 00:00:00,,,902,622,265,191,337,141,124,
08-04-2019 00:00:00,,,2376,481,329,269,185,207,597,
09-04-2019 00:00:00,,,2688,518,344,339,255,203,657,
10-04-2019 00:00:00,,,3229,523,452,370,332,256,957,
11-04-2019 00:00:00,,,2980,412,348,381,248,197,691,
12-04-2019 00:00:00,,,2275,502,249,298,184,155,420,
13-04-2019 00:00:00,,,1104,110,249,134,221,121,164,
14-04-2019 00:00:00,,,867,189,246,139,252,153,138,
15-04-2019 00:00:00,,,2917,496,378,394,278,310,799,
16-04-2019 00:00:00,,,3133,489,382,386,377,281,791,
17-04-2019 00:00:00,,,3032,412,325,344,260,236,750,
18-04-2019 00:00:00,,,2874,345,246,345,247,215,691,
19-04-2019 00:00:00,,,1410,468,164,134,160,99,100,
20-04-2019 00:00:00,,,860,303,204,135,250,99,112,
21-04-2019 00:00:00,,,828,492,199,162,335,228,164,
22-04-2019 00:00:00,,,2940,532,353,405,286,258,646,
23-04-2019 00:00:00,,627,3068,534,371,383,318,210,801,
24-04-2019 00:00:00,,603,3045,370,323,388,285,269,673,
25-04-2019 00:00:00,,456,3186,410,391,355,254,199,748,
26-04-2019 00:00:00,,555,2434,459,262,246,202,137,633,
27-04-2019 00:00:00,,,1660,489,353,228,401,302,279,
28-04-2019 00:00:00,,,1180,624,319,195,339,280,204,
29-04-2019 00:00:00,,,3080,410,382,388,278,299,775,
30-04-2019 00:00:00,,,3209,532,354,338,276,258,781,
01-05-2019 00:00:00,,614,3099,416,329,224,384,222,916,
02-05-2019 00:00:00,,680,3175,427,,220,227,235,701,
03-05-2019 00:00:00,,629,2781,453,301,186,255,199,605,
04-05-2019 00:00:00,,683,2067,320,398,163,315,204,257,
05-05-2019 00:00:00,,481,1047,489,332,177,270,207,183,
06-05-2019 00:00:00,,,3050,447,516,231,357,285,728,
07-05-2019 00:00:00,,,3107,538,510,225,339,236,766,
08-05-2019 00:00:00,,,3126,511,381,234,295,211,715,
09-05-2019 00:00:00,,,3256,615,440,244,229,241,687,
10-05-2019 00:00:00,,386,2926,472,248,158,158,144,488,
11-05-2019 00:00:00,,449,992,419,239,82,303,139,180,
12-05-2019 00:00:00,,562,936,654,225,122,336,221,171,
13-05-2019 00:00:00,,677,3023,481,344,187,383,269,579,
14-05-2019 00:00:00,,,3320,506,451,176,397,311,569,
15-05-2019 00:00:00,,,3278,560,457,223,296,258,709,
16-05-2019 00:00:00,,,3071,584,498,169,298,261,542,
17-05-2019 00:00:00,,,2589,557,359,156,186,176,809,
18-05-2019 00:00:00,,,1554,352,357,167,292,278,242,
19-05-2019 00:00:00,,,1130,525,327,167,252,239,144,
20-05-2019 00:00:00,,,2809,504,448,199,220,241,564,
21-05-2019 00:00:00,,,3140,554,408,229,288,226,705,
22-05-2019 00:00:00,,,3148,363,366,291,311,237,1008,
23-05-2019 00:00:00,,,3313,482,352,217,249,195,658,
24-05-2019 00:00:00,,,3065,617,258,207,205,197,332,
25-05-2019 00:00:00,,,1829,403,350,127,198,173,223,
26-05-2019 00:00:00,,,1069,415,208,144,204,162,108,
27-05-2019 00:00:00,,,800,383,235,193,257,225,131,
28-05-2019 00:00:00,,,2576,550,322,176,215,206,529,
29-05-2019 00:00:00,,,2708,468,299,224,248,167,604,
30-05-2019 00:00:00,,,2697,419,268,151,222,175,444,
31-05-2019 00:00:00,,,2672,425,335,198,232,177,397,
01-06-2019 00:00:00,,,1662,354,556,148,332,206,180,
02-06-2019 00:00:00,,,1256,442,499,124,310,203,164,
03-06-2019 00:00:00,,,3114,410,501,223,258,238,479,
04-06-2019 00:00:00,,545,3144,458,537,203,318,271,650,
05-06-2019 00:00:00,,351,3025,496,394,192,311,194,536,
06-06-2019 00:00:00,,571,3178,453,379,188,304,226,554,
07-06-2019 00:00:00,,375,2489,356,240,171,193,128,295,
08-06-2019 00:00:00,,,1944,418,445,133,278,257,135,
09-06-2019 00:00:00,,,818,513,220,111,270,140,143,
10-06-2019 00:00:00,,,2868,485,379,180,266,259,578,
11-06-2019 00:00:00,,,3311,623,,244,309,291,588,
12-06-2019 00:00:00,,,2384,260,,241,197,137,508,
13-06-2019 00:00:00,,,3078,559,,235,264,305,745,
14-06-2019 00:00:00,,,3033,612,,210,235,255,449,
15-06-2019 00:00:00,,,1717,393,421,158,307,227,198,
16-06-2019 00:00:00,,,989,544,370,171,238,221,141,
17-06-2019 00:00:00,,,2792,510,418,190,190,171,610,
18-06-2019 00:00:00,,,2932,473,441,197,269,242,534,
19-06-2019 00:00:00,,,2961,675,347,197,249,211,654,
20-06-2019 00:00:00,,,2876,511,,211,227,238,588,1998
21-06-2019 00:00:00,,612,2712,547,,219,,230,499,2809
22-06-2019 00:00:00,,831,1496,548,,241,363,276,182,2582
23-06-2019 00:00:00,,703,3241,586,,168,357,269,182,2696
24-06-2019 00:00:00,,420,2820,520,,,238,210,597,1680
25-06-2019 00:00:00,,577,3079,614,,245,276,222,646,2314
26-06-2019 00:00:00,,378,3018,418,,181,304,320,692,2308
27-06-2019 00:00:00,,497,2782,513,,127,222,189,657,1435
28-06-2019 00:00:00,,558,2575,481,371,168,191,205,348,2327
29-06-2019 00:00:00,,,1285,359,340,128,240,141,185,3708
30-06-2019 00:00:00,,525,1034,420,332,138,232,151,111,1752
01-07-2019 00:00:00,,436,2603,484,301,223,227,179,594,1475
02-07-2019 00:00:00,,384,2529,461,274,168,246,181,567,1236
03-07-2019 00:00:00,,432,2404,444,246,163,150,187,513,1198
04-07-2019 00:00:00,,485,2624,383,414,134,153,261,136,1716
05-07-2019 00:00:00,,335,1370,400,249,164,129,169,221,1518
06-07-2019 00:00:00,,473,1126,342,346,150,200,234,124,2241
07-07-2019 00:00:00,,459,775,523,260,119,183,181,92,2035
08-07-2019 00:00:00,,368,2720,436,283,185,173,198,439,1541
09-07-2019 00:00:00,,355,2961,239,322,245,349,206,685,2014
10-07-2019 00:00:00,,,2911,479,545,218,245,284,603,1711
11-07-2019 00:00:00,,220,2893,468,280,209,195,185,585,1562
12-07-2019 00:00:00,,428,2606,442,293,183,193,144,323,1823
13-07-2019 00:00:00,,686,1409,446,347,134,207,168,178,2477
14-07-2019 00:00:00,,609,1058,434,292,143,228,165,69,1674
15-07-2019 00:00:00,,454,2671,435,389,179,202,165,498,1400
16-07-2019 00:00:00,,372,2851,484,310,165,233,133,563,1080
17-07-2019 00:00:00,,322,2703,449,294,150,263,159,523,1250
18-07-2019 00:00:00,,356,2797,410,231,199,181,167,554,1554
19-07-2019 00:00:00,,477,2368,437,242,127,184,125,335,1280
20-07-2019 00:00:00,,543,2080,282,451,171,283,244,174,2488
21-07-2019 00:00:00,,540,892,390,,118,185,175,90,1281
22-07-2019 00:00:00,,328,2617,287,,160,203,217,438,1362
23-07-2019 00:00:00,,421,2854,425,292,165,299,270,536,1993
24-07-2019 00:00:00,,592,3186,543,420,262,317,308,688,2700
25-07-2019 00:00:00,,708,3216,593,341,272,368,333,682,2265
26-07-2019 00:00:00,,565,2784,466,288,170,338,173,471,2537
27-07-2019 00:00:00,,763,1679,358,375,139,366,185,311,2830
28-07-2019 00:00:00,,585,1118,379,301,97,297,208,126,1999
29-07-2019 00:00:00,,413,2809,571,325,152,270,187,498,1691
30-07-2019 00:00:00,,423,2781,628,295,161,321,191,559,1819
31-07-2019 00:00:00,,359,2785,401,246,146,253,189,556,1901
01-08-2019 00:00:00,,319,2458,501,214,121,221,137,536,1327
02-08-2019 00:00:00,,377,3157,464,249,109,169,182,442,1744
03-08-2019 00:00:00,,914,1714,329,421,108,286,184,210,3158
04-08-2019 00:00:00,,468,987,344,280,87,280,193,110,2689
05-08-2019 00:00:00,,352,2650,528,346,118,231,241,694,1890
06-08-2019 00:00:00,,439,2865,572,326,109,217,154,710,2171
07-08-2019 00:00:00,,396,2785,602,331,102,273,83,546,1548
08-08-2019 00:00:00,,402,2828,531,328,91,220,141,612,1985
09-08-2019 00:00:00,,523,2547,553,759,91,178,,564,1928
10-08-2019 00:00:00,,696,1369,274,968,75,299,,238,2717
11-08-2019 00:00:00,,526,1040,478,470,87,245,101,121,1896
12-08-2019 00:00:00,,357,2591,364,398,103,202,96,579,1571
13-08-2019 00:00:00,,368,2611,447,320,105,272,133,681,1615
14-08-2019 00:00:00,,366,2861,428,306,135,171,179,637,1960
15-08-2019 00:00:00,,495,2854,458,261,102,214,98,902,1667
16-08-2019 00:00:00,,464,3545,482,369,115,185,124,640,1771
17-08-2019 00:00:00,,588,3139,346,380,197,252,119,197,2502
18-08-2019 00:00:00,,462,2073,1824,301,132,255,174,127,1683
19-08-2019 00:00:00,,250,2687,413,252,208,235,169,1046,1692
20-08-2019 00:00:00,,296,2590,552,239,420,296,165,1059,1492
21-08-2019 00:00:00,,388,2759,519,281,369,238,164,863,1954
22-08-2019 00:00:00,,320,2531,535,206,332,183,177,864,1564
23-08-2019 00:00:00,,389,2292,558,243,257,171,156,609,1494
24-08-2019 00:00:00,,502,1338,210,372,163,333,199,173,2326
25-08-2019 00:00:00,,812,1280,421,447,187,463,319,211,3281
26-08-2019 00:00:00,,527,3016,480,356,442,332,269,997,2567
27-08-2019 00:00:00,,427,3000,592,285,469,306,256,1097,2379
28-08-2019 00:00:00,,499,2984,595,342,457,349,169,956,2216
29-08-2019 00:00:00,,623,3967,542,360,422,305,200,846,2179
30-08-2019 00:00:00,,621,2724,628,310,297,214,166,660,2684
31-08-2019 00:00:00,,689,2921,410,375,175,311,488,220,2785
01-09-2019 00:00:00,,596,1590,521,317,161,329,191,198,3387
02-09-2019 00:00:00,,583,970,440,344,162,263,201,162,2069
03-09-2019 00:00:00,,438,2788,472,356,355,337,143,779,1619
04-09-2019 00:00:00,,448,2762,523,431,331,373,149,705,1917
05-09-2019 00:00:00,,430,2893,292,320,476,318,175,819,1932
06-09-2019 00:00:00,,517,2619,584,332,375,286,135,661,2245
07-09-2019 00:00:00,,711,2158,372,385,182,393,174,207,2944
08-09-2019 00:00:00,,583,2250,459,380,147,330,228,127,1704
09-09-2019 00:00:00,,369,2709,513,293,345,239,140,806,1188
10-09-2019 00:00:00,,411,2775,492,325,294,251,158,758,1339
11-09-2019 00:00:00,,394,2697,455,293,307,265,133,710,1458
12-09-2019 00:00:00,,403,3387,439,280,284,190,191,760,1107
13-09-2019 00:00:00,,368,2887,523,331,271,146,169,509,1693
14-09-2019 00:00:00,,632,1889,294,395,210,433,212,264,4611
15-09-2019 00:00:00,,626,1131,449,317,134,263,539,137,1950
16-09-2019 00:00:00,,428,2764,498,348,366,267,164,734,1582
17-09-2019 00:00:00,,438,3003,504,313,362,272,146,695,1505
18-09-2019 00:00:00,,461,3095,351,401,402,387,238,930,2622
19-09-2019 00:00:00,,675,3211,540,444,562,372,259,952,2580
20-09-2019 00:00:00,,578,2849,600,452,360,270,204,654,2828
21-09-2019 00:00:00,,752,1442,402,413,164,424,213,188,2816
22-09-2019 00:00:00,,622,1170,416,283,168,334,189,150,2140
23-09-2019 00:00:00,,512,2781,600,294,449,298,203,807,1589
24-09-2019 00:00:00,,464,2983,610,318,475,400,250,812,1858
25-09-2019 00:00:00,,513,2935,642,336,389,351,192,694,1845
26-09-2019 00:00:00,,506,2652,610,317,357,283,153,777,1499
27-09-2019 00:00:00,,627,2510,576,298,321,219,134,491,1830
28-09-2019 00:00:00,,729,1363,314,394,176,415,564,174,2589
29-09-2019 00:00:00,,534,940,429,295,104,256,128,140,1691
30-09-2019 00:00:00,,455,2737,403,237,355,242,145,824,1976
01-10-2019 00:00:00,,452,2822,408,311,333,275,148,700,1648
02-10-2019 00:00:00,,425,2493,470,261,356,266,130,869,1461
03-10-2019 00:00:00,,456,2820,508,276,361,251,113,845,1408
04-10-2019 00:00:00,,554,2387,487,230,253,256,131,549,1637
05-10-2019 00:00:00,,794,2644,330,517,163,468,288,200,3302
06-10-2019 00:00:00,,666,2724,433,423,149,350,249,214,2772
07-10-2019 00:00:00,,508,2865,501,351,115,306,199,881,
08-10-2019 00:00:00,,452,2978,357,347,184,357,160,1151,
09-10-2019 00:00:00,,524,2949,445,386,428,373,225,903,
10-10-2019 00:00:00,,467,2978,560,306,446,353,258,889,
11-10-2019 00:00:00,,555,2739,540,328,313,273,230,700,
12-10-2019 00:00:00,,686,,405,522,172,385,219,186,
13-10-2019 00:00:00,,245,,324,139,115,175,68,81,
14-10-2019 00:00:00,,518,,580,394,473,368,195,604,
15-10-2019 00:00:00,,470,,608,362,441,358,167,601,
16-10-2019 00:00:00,,415,,432,250,400,219,150,862,
17-10-2019 00:00:00,,533,,591,351,437,358,187,1048,
18-10-2019 00:00:00,,536,,544,336,359,272,173,750,
19-10-2019 00:00:00,,461,,329,259,154,355,134,307,
20-10-2019 00:00:00,,615,,387,282,163,391,190,198,
21-10-2019 00:00:00,,482,,556,392,394,329,214,916,
22-10-2019 00:00:00,,395,,465,293,449,259,181,882,
23-10-2019 00:00:00,,464,,552,419,494,412,231,967,
24-10-2019 00:00:00,,466,,514,361,456,313,220,988,
25-10-2019 00:00:00,,516,,505,321,336,218,220,789,
26-10-2019 00:00:00,,698,,465,360,187,402,239,270,
27-10-2019 00:00:00,,658,,633,296,193,375,178,237,
28-10-2019 00:00:00,,565,,525,492,412,332,238,1034,
29-10-2019 00:00:00,,502,,463,413,494,288,201,986,
30-10-2019 00:00:00,,188,,367,123,298,122,59,736,
31-10-2019 00:00:00,,330,,605,168,353,171,136,760,
01-11-2019 00:00:00,,513,,551,246,347,291,136,633,
02-11-2019 00:00:00,,602,,425,506,199,411,246,418,
03-11-2019 00:00:00,,539,,497,403,127,344,229,160,
04-11-2019 00:00:00,,384,,525,272,395,257,150,1068,
05-11-2019 00:00:00,,567,,613,381,433,435,175,1036,
06-11-2019 00:00:00,,455,,499,441,466,296,184,1074,
07-11-2019 00:00:00,,431,,577,395,386,216,,1040,
08-11-2019 00:00:00,,405,,506,286,303,203,84,627,
09-11-2019 00:00:00,,523,,412,309,146,342,128,231,
10-11-2019 00:00:00,,536,,506,244,146,349,130,135,
11-11-2019 00:00:00,,406,,487,315,370,301,131,906,
12-11-2019 00:00:00,,128,,311,146,367,130,65,639,
13-11-2019 00:00:00,,212,,334,187,338,158,95,833,
14-11-2019 00:00:00,,224,,384,200,387,164,91,752,
15-11-2019 00:00:00,,246,,495,253,238,119,62,562,
16-11-2019 00:00:00,,534,,438,464,142,286,143,223,
17-11-2019 00:00:00,,486,,504,408,122,326,191,161,
18-11-2019 00:00:00,,230,,489,174,336,161,99,749,
19-11-2019 00:00:00,,309,,657,301,393,247,122,902,
20-11-2019 00:00:00,,392,,586,280,434,245,132,921,
21-11-2019 00:00:00,,365,,607,297,414,243,154,927,
22-11-2019 00:00:00,,424,,738,306,357,241,110,735,
23-11-2019 00:00:00,,220,,364,116,153,113,48,136,
24-11-2019 00:00:00,,688,,529,383,152,380,211,160,
25-11-2019 00:00:00,,364,,561,265,372,253,155,905,1516
26-11-2019 00:00:00,,357,,660,266,334,237,129,960,1446
27-11-2019 00:00:00,,354,,660,181,129,165,100,695,1285
28-11-2019 00:00:00,,315,,745,168,78,313,115,96,913
29-11-2019 00:00:00,,503,,522,192,114,201,105,117,1430
30-11-2019 00:00:00,,243,,262,97,52,184,35,43,752